subject,difficulty,condition,duration_s,final,peak,mean
0,0,2,65.46875,75.03045733712925,90.5445497323973,24.710666808604174
0,1,2,39.7734375,18.115950461548916,81.15070616476291,24.87518907895013
0,0,1,79.484375,97.15535169013397,99.5426233629328,64.84651443795387
0,1,3,63.0546875,62.68825411001683,93.19621644073342,32.45242665067589
0,0,3,69.30859375,92.78919701173032,97.1642164764277,24.704918879665808
0,1,1,61.06640625,91.05532778970586,99.18545066044939,39.85150593207663
0,0,2,73.3515625,95.57832901991857,98.76997231632343,61.12350250565522
0,1,3,63.125,96.02143018292081,98.20011024306083,28.143811044561648
0,0,1,71.26171875,54.78089294283213,84.82805902028326,17.60840167752764
0,1,2,55.06640625,72.96286138516614,91.20876140398329,25.165037929470675
0,0,1,87.51171875,97.3830498598478,98.38203001310758,40.75879762387484
0,1,3,61.11328125,94.21674326714013,97.85508505888343,33.025322222755314
0,0,3,87.45703125,99.94643435582974,99.97656061711244,47.06917688664881
0,1,3,63.10546875,86.82505948131075,94.01741854388729,11.432300975600167
0,0,2,89.4609375,99.39942996119866,99.97324650208336,38.29351354026232
0,1,1,61.08984375,99.36997979351993,99.46036582081338,17.812733461078697
0,0,2,37.12109375,2.0425556776478433,3.0239488829890813,0.5677025254299045
0,1,1,67.1328125,28.909373685736636,57.60978565213524,11.776800548561338
0,0,1,69.32421875,41.02150510386011,74.63128362697877,17.423888531645357
0,1,3,73.08203125,98.93539834246614,99.38376860457615,27.082016486168698
0,0,2,89.37890625,85.82911419022086,98.1643823643136,21.786910491022233
0,1,3,71.07421875,2.006043812652249,73.44047289421039,12.307863503172229
0,0,1,89.41015625,66.66289352800207,87.01623769649095,11.694009334198899
0,1,2,64.91796875,75.63541103583353,94.02130311725928,28.55111732879353
1,0,3,33.1484375,97.4415363232629,98.64276201719987,73.05417046759672
1,1,2,33.0234375,36.01481795943195,90.86613354698976,27.890689947419403
1,0,3,73.421875,72.40637763046277,92.34262943349245,30.398598068047296
1,1,2,61.10546875,92.90662910489077,96.08334458629572,30.02491683528866
1,0,1,61.234375,4.389261252751675,35.41974068903788,6.038538993251333
1,1,1,51.0390625,18.1083592055199,73.53127370117079,28.054144018576995
1,0,2,79.5078125,83.9452785310398,99.96706887112194,51.28388581530768
1,1,3,69.25,4.339434229065206,71.76161599657674,10.754859626878215
1,0,3,67.42578125,20.564864609175494,73.9179165320775,25.61511361163678
1,1,1,35.05859375,0.6258405082125577,19.279708928077294,3.2031366984005425
1,0,1,85.6328125,47.96789845646119,81.38569148651413,22.43879691699459
1,1,2,67.26953125,9.177362705337375,92.90618700584955,39.226639667326005
1,0,2,61.28515625,52.600702766859875,74.20823976500147,15.87218837611646
1,1,2,45.0390625,25.914458527764864,56.36878070598978,10.873174880493826
1,0,1,65.25,61.006055033409005,96.90291121899936,32.23932943770156
1,1,3,37.0546875,0.098388747341821,80.48961493756886,16.92706703533224
2,0,2,63.53515625,87.62684563496884,94.73085704415493,34.86875566389799
2,1,3,41.35546875,74.0130313309201,97.2288089164346,39.03261481472258
2,0,3,67.6796875,98.9603845167635,99.65720575057098,29.686922535042136
2,1,1,33.04296875,95.03425429637292,98.6101212414892,27.00359099785601
2,0,1,61.58984375,98.11322498667143,99.46203748719805,35.14949296391602
2,1,2,33.125,45.949094081513145,95.98873089083122,23.811555588226565
2,0,2,61.5859375,99.41673451471996,99.68729580247285,32.17922092037541
2,1,1,39.078125,93.84297637644868,97.98516496784684,38.50410901306789
2,1,2,10.73828125,47.92340260308416,79.12889710228556,15.602801254191586
2,1,2,37.109375,95.24062047389573,99.52444866071662,42.071316766321914
2,0,3,61.67578125,88.70594635800622,98.24198637730521,43.36845073968063
2,1,3,21.06640625,58.438963250475304,91.86916290224347,33.576974931158865
2,0,2,63.59765625,99.68570802701619,99.96569950133582,40.67331530782643
2,1,1,47.06640625,91.43734647674266,94.67852724980608,43.02757716451611
2,0,2,65.41015625,8.428771993900707,66.78444315562795,18.33007569371578
2,1,1,47.09375,96.64678809149409,98.2178561073125,46.95581384342368
2,0,3,89.671875,99.88139096218602,99.97593586362589,40.79218866938997
2,1,3,55.29296875,99.22967928338608,99.64354163476703,35.605967913179974
2,0,1,53.23828125,15.568090717659771,75.38353401264794,27.88856039801396
2,1,1,37.01953125,20.48797471306949,41.26476530012643,12.80531736414024
2,0,2,67.27734375,98.06377554445437,98.42119080692967,46.57433239768436
2,1,3,45.1015625,98.41521864902192,99.52528559537551,23.726621301844
2,0,2,41.33203125,99.53922952307465,99.91477706459584,23.157681560550238
2,1,3,38.37890625,72.49468502635843,93.76831946769974,13.464895771062205
3,0,2,31.1875,99.15735922902167,99.80984195324288,35.26861706741488
3,0,3,38.04296875,99.11636510954081,99.41865262020302,20.42603972541873
3,1,1,33.1328125,99.29488251196726,99.71136686670678,50.38823314011463
3,0,2,63.8828125,99.13675961382307,99.9510552672141,47.10292292795413
3,1,3,37.41015625,93.40968520825406,99.75683007525095,65.7391564822324
3,0,2,65.48828125,97.88216326942864,99.74944477460573,54.064231843344274
3,1,3,35.078125,21.952103327374385,94.07509758012495,37.92718028755554
3,0,1,77.546875,99.41568351747628,99.91941665142886,43.47162831232943
3,1,3,53.078125,92.6793718143071,95.21305996212232,31.512281100846998
3,0,2,37.37109375,99.96257771345405,99.9997653778378,37.08637315061307
3,1,1,31.08984375,89.02401927871983,96.93259875476933,57.79498565119381
3,0,3,53.3046875,93.28370118693594,96.837798934143,41.92100128401043
3,1,2,43.3984375,98.64755865999139,99.78351821495009,50.73878532423622
3,0,1,57.2734375,92.39912119083162,97.13536909319564,27.71271381237743
3,0,2,63.44140625,96.59375137776375,98.90127114120014,42.7288677519804
3,1,3,63.2421875,88.26324311044061,98.60463082706187,53.955333604376186
3,0,3,69.38671875,97.16138277889438,99.50599801955971,43.31367887792041
3,1,1,35.0703125,24.597058185251544,78.28467545424543,23.98625798048694
3,0,2,61.53125,97.98965897945901,99.84904725190894,49.91850632274619
3,1,3,63.1875,96.88020556669915,99.65201196503789,45.59809416867408
3,0,2,61.36328125,45.04302255155195,97.88340906382447,40.489401832768934
3,1,1,64.94140625,99.85801751273637,99.98732847150254,55.877325809057716
4,0,1,25.0546875,25.69880058771928,35.81088928200516,4.908973237054733
4,1,1,29.37109375,76.03756152784261,81.14497274447751,10.46075632609907
4,0,1,25.05078125,87.63572189415153,91.23739703703453,19.476182004646496
4,1,3,57.0625,78.11416279213827,96.53528597507679,38.18664221159219
4,0,2,79.41015625,98.88203682247875,99.9824683316833,38.76208579034615
4,1,2,35.0,0.8930407820783898,3.225859427795011,1.6407768047920859
4,0,3,67.33203125,97.30009211186957,99.80158904449124,35.48464289332551
4,1,2,45.02734375,97.8589082707711,98.99154262255364,26.819562666050125
4,0,1,73.22265625,96.01198229548318,98.34713963219397,32.73872133814166
4,1,1,43.02734375,96.46311638427339,98.53212907174597,22.67561654696426
4,0,3,65.23828125,98.21650637923119,99.85724785585042,35.10903819480811
4,1,2,41.0234375,77.86530038212567,93.60696182836561,20.369819164859212
4,0,3,51.18359375,97.171661085478,99.77632387152912,31.38253606031167
4,1,2,63.0859375,80.94604046741046,93.30599019084673,31.87249581459683
4,0,1,39.08984375,75.78986614235612,99.73529041911982,28.13903927327433
4,1,2,59.03515625,81.0036256931162,98.48414267036544,37.0063758879664
4,0,1,67.3046875,89.8988608638396,98.52057817979237,33.6243482510095
4,1,3,49.01171875,40.87495797511222,70.99436437925364,16.164367402686906
4,1,1,31.03125,63.89334746771851,89.42984202718709,19.22082894111084
4,0,3,89.38671875,74.14287593920734,98.44049549139535,37.454566151874374
4,1,2,65.05078125,75.02872024070047,99.6080272591391,26.482175291577473
4,0,1,77.3046875,99.66534053256453,99.96232253469205,15.491926978995744
4,1,2,32.96484375,74.2397356389556,83.36913103711836,16.797229329872586
5,0,3,73.546875,75.86801093666546,87.55816771938198,42.96602588538518
5,1,2,45.14453125,13.706737665016915,46.88688626179003,17.105665884413256
5,0,2,83.34375,72.92944407230627,81.3622177537661,30.20634584008293
5,1,1,31.03125,23.061417061835215,57.979058036919845,27.084495003824287
5,0,1,67.33203125,90.52647257122686,91.69333788527616,31.8063768210837
5,1,3,45.21875,23.39675187429189,63.34987242665632,23.1224417013063
5,0,3,61.32421875,35.29500350738679,62.61699390938452,13.773313924044341
5,1,3,45.16015625,19.927215753128944,29.233303134939025,6.968779067667414
5,0,2,87.46875,92.59448237657269,97.68589641494634,44.99954983835225
5,1,2,63.1171875,41.381987090722866,77.54795454551001,34.170006827727384
5,0,1,87.37109375,58.97899811142323,79.04022789418497,31.077828079557175
5,1,1,65.15625,59.778419824079855,82.59245578348423,29.709784933708907
5,0,1,63.16015625,78.11257544853272,88.43707979406862,18.513599999280306
5,0,3,51.37109375,14.567863496203515,42.664133326108086,12.231871547069103
5,1,2,45.078125,10.670321831788973,51.204236806600974,15.915911256667036
5,0,2,71.51171875,18.477274110346723,70.50561719209749,19.51222448816452
5,1,1,63.18359375,82.8343907207048,85.20895561837965,20.240962198764286
5,0,1,71.359375,22.723810154511117,57.98879709357652,22.462476578540706
5,0,2,63.32421875,57.15772961264931,68.96890489648804,28.965913603098702
5,1,3,37.08984375,64.76904189234257,75.11147216692459,39.02546997480326
5,0,1,85.41015625,91.2306754172779,97.71015282820922,40.30622069866078
5,1,2,49.078125,62.15476174195419,84.58647532232013,38.85824236445596
5,0,3,64.6640625,89.63987299858597,94.43907239239698,34.70957527228967
6,0,2,35.46875,45.049486536218346,79.55060161964444,27.19670718141919
6,0,1,69.49609375,93.06917127698546,98.77847262377676,35.981498050920734
6,1,1,43.1484375,2.787306272626252,42.20358049344175,16.70239117940487
6,0,3,69.6875,94.61712936545818,99.72684701282166,57.45357245855648
6,1,2,45.08984375,89.99509836888144,95.85635158927145,34.45837369609141
6,0,1,35.40625,79.93909726693566,89.2333047000398,41.485995281594555
6,1,2,31.12890625,84.75364796401182,98.03270392318275,57.243930671096756
6,0,2,51.484375,99.83414335680408,99.99865139174078,52.80990644706982
6,1,3,51.21484375,99.87648067329435,99.99075542468057,69.75800783258966
6,0,1,23.125,22.41435320047574,33.56847080946896,13.95273040571655
6,1,3,47.2890625,99.93002350635702,99.98677404733955,74.22915504037704
6,0,3,61.38671875,99.99011824306376,99.99924623773624,75.36610833964018
6,1,1,45.12109375,50.553503917104884,98.35551806926426,54.52813187822929
6,0,1,77.58203125,99.9953064528467,99.99965530845405,64.90141589605516
6,1,3,63.10546875,99.80507475866462,99.97061713756513,77.73726185772536
6,0,2,71.32421875,98.47596183861621,99.84815146973033,83.74430543132951
6,1,2,33.03125,78.4314515785915,98.225165399032,60.38271235496719
6,0,3,63.66015625,99.99999921513809,99.99999994115369,75.41733044055451
6,1,2,37.328125,98.20766821372119,99.6418906466721,79.05365552137803
6,0,2,63.375,99.52515350733962,99.99939464304471,66.13925488224714
6,1,1,33.1015625,60.674431706230884,96.63460921648395,66.29773371175693
6,0,3,71.5078125,98.69509946108003,99.99727181785481,74.40545587524258
6,1,1,46.41796875,77.77227747883474,93.10207742817684,42.25892819022109
7,0,1,69.39453125,92.91214999267068,94.76711905508402,42.028420862504596
7,1,2,57.11328125,57.03577034777677,95.01434768712575,33.36040986056847
7,0,3,65.4609375,61.83822768686648,69.55146714745239,20.713691748719572
7,0,2,63.41015625,89.44876785410476,93.0518641451277,42.6937396746782
7,1,1,47.0625,60.534735905004545,77.53943411931843,26.636308904040657
7,0,3,63.36328125,77.74075937354185,87.51691141921093,41.732778965910015
7,1,2,39.08203125,19.646037274994068,55.21597822576963,15.251925535629296
7,0,2,65.32421875,66.40346307036818,82.5114007500072,27.39530696119521
7,1,1,33.078125,27.659158937839607,63.57720534120661,20.86424687447881
7,0,3,67.2421875,54.68896387340023,76.02356679578467,31.060214472801096
7,0,3,55.2421875,10.907177015195357,72.6896910767311,30.442047526371883
7,1,3,63.18359375,66.1471741030306,95.28990848939686,54.55176233255856
7,0,3,33.1875,6.690584997468309,54.348014934130354,17.77101395332327
7,1,2,33.0390625,0.41223265890421956,18.019689639162372,4.81067706728628
7,0,1,63.3671875,23.754718631045236,78.14004687045494,25.223970584783007
7,1,2,51.07421875,43.533443831819206,69.6298024509765,26.494434646844983
7,0,1,63.4765625,62.92913890719037,77.57206547376215,18.03283152375448
7,1,3,51.15625,24.489854997782874,64.27198843180447,15.3634680395401
7,0,3,67.328125,21.242562397249582,59.194743930299374,15.362354144741737
7,1,2,37.01953125,3.2462922452107272,20.64368554794252,6.835823086070515
7,0,2,33.1953125,13.20279572036379,51.10760621713222,7.89526442588571
7,1,1,37.07421875,28.588053340873454,49.89943607455232,21.479910136255455
7,0,1,37.3359375,18.962446455536973,64.12316085098482,23.799355755332876
8,0,1,77.92578125,97.76866453840712,98.86862777129029,70.22731629164926
8,1,2,33.1328125,93.77629709544,97.35850467495585,58.99899796118689
8,0,2,71.45703125,61.48339467984899,75.7415584835045,21.039506510027152
8,1,1,31.09375,65.63826795073888,72.62886445647634,18.522376447669064
8,0,3,87.79296875,96.7310692887638,98.27776322227315,44.8214871163176
8,1,3,35.26171875,81.32459175436401,97.1921289159765,37.09714816667133
8,0,1,61.51953125,83.98720112183996,99.98301134397049,60.62748277874523
8,1,3,53.39453125,81.57586034317315,99.06680039935426,63.363414586032
8,0,2,65.5546875,93.93171171792305,98.48413410686837,36.01450410401819
8,1,1,31.22265625,74.70915056252635,85.3926628847781,35.0716644379693
8,0,3,65.74609375,75.51177133822304,99.03971591586306,51.82841296806574
8,1,2,43.171875,97.28244019002214,99.6996853906937,37.920838218608054
8,0,2,71.66796875,86.22062691853172,98.27394622326307,39.874938315891384
8,1,3,39.35546875,7.128889028418605,70.01825307015417,25.116325415924933
8,0,2,61.78515625,1.300357862908126,86.47461741047812,23.836394180907625
8,0,1,63.52734375,64.2223107350273,95.27141811258059,38.42281148149929
8,1,3,31.12109375,4.531311972303776,90.10649072557153,46.79357322964075
8,0,2,63.5625,48.55013323077401,84.94468878595305,20.703412069654306
8,1,3,43.453125,81.88169353980844,96.17166202965174,26.813758653970606
8,0,2,63.5078125,62.170068718035104,92.71230711618747,29.98754656720908
8,1,1,35.23828125,73.4017544793759,85.5804021870363,16.26291659526851
8,0,1,72.31640625,83.82082629344178,90.05014692415338,22.217765422280415
8,1,3,61.14453125,46.844625894428255,80.49087286774144,21.145601971520605
9,0,3,55.33984375,21.335317255804934,38.332322447217926,5.273727264797948
9,1,1,33.0703125,45.28738453356496,83.4507318284105,29.510706276528996
9,0,1,53.34375,61.36610199064876,70.00088206533809,11.538721160246089
9,1,2,61.08984375,62.313821439100934,87.32118302784222,34.637639894229046
9,0,3,67.41015625,42.46706550781777,50.989472032934444,12.695142718864473
9,1,2,35.0390625,30.748943288658015,45.09495915891871,12.202623768968234
9,0,3,67.43359375,93.08728712492432,96.38975350491822,31.521035705523254
9,1,3,51.10546875,46.19832100606728,62.5504730742464,15.526984967435817
9,0,1,69.3671875,46.13690653050483,82.2862497830511,35.04531928896392
9,1,2,35.1171875,56.67616942245698,66.65182236777375,14.385686804693018
9,0,1,53.21875,0.00028856344317354906,3.316121660395452,0.2948925905780061
9,1,2,37.12890625,25.956401598472894,27.893598299265108,5.454826208320641
9,0,2,37.19140625,14.168083183059965,18.292766237475,1.5097308007690515
9,1,3,35.01171875,1.2473130851393446,6.2775696000628285,0.6428735264127907
9,0,1,67.3125,88.01441276639987,92.70626947778467,19.922114687405486
9,1,1,44.79296875,25.458153859411443,55.726352968295295,9.590953569122124
10,0,1,90.1875,50.006964444842986,99.97411725844873,36.55670646248682
10,1,2,31.08203125,5.504953587702924,18.529762838750344,5.811722435934633
10,0,1,67.83203125,70.24321236907586,78.07212805814751,17.84388701002505
10,1,2,35.17578125,41.11965979095049,70.34009883539905,10.435235778114219
10,0,3,61.546875,27.242679137384485,54.140929585740594,8.853708623113983
10,1,3,41.27734375,87.02921537180454,95.93766395953091,20.11086618944686
10,0,1,18.984375,0.01924269344861025,4.756437342511673,0.8388653625357704
10,1,3,35.11328125,57.02220779825483,70.50509635374979,7.637338034164059
10,0,3,75.66796875,99.44378989592023,99.84493345501387,32.83507738582519
10,1,1,35.13671875,33.61325299189795,52.729752294530485,3.09721528178276
10,0,2,65.55078125,79.5660129156913,93.65820551253708,28.083984328585238
10,1,2,35.09375,2.3900687135585383,3.6906076017202616,1.5801765281492357
10,0,1,81.625,43.05490342530711,93.95294776966824,17.733246744929048
10,1,3,33.125,0.008499380030400135,12.313966871689106,2.4068968328416602
10,0,1,77.52734375,0.10238413856167465,51.894129887177066,2.9654849808546335
10,1,3,41.10546875,2.044873681556432,14.282381776015843,3.0452821389030977
10,0,2,89.33984375,71.23482508494403,86.19201355389232,13.796337449480983
10,1,2,35.06640625,0.1572207827401702,3.3959729058268247,0.5997256880470639
10,0,1,79.64453125,56.278893290576285,88.32278112721919,17.98165724866404
10,1,3,37.09375,1.4741733524581562,6.433159603767635,1.2850860869299146
10,0,3,71.49609375,0.11116047145679665,23.268984272790195,2.741104120236419
10,1,2,47.078125,5.422893733471919,17.553023495036093,1.2871814812285456
10,0,1,63.515625,5.593401588422371,9.608662396068427,1.1631816517551714
10,1,2,38.8671875,21.862274832922736,69.470783738067,11.96521713689514
11,0,2,71.44921875,98.27444429633618,98.58887626802984,21.25547209872365
11,1,3,63.07421875,8.106404354320695,49.34710210817192,6.412808078900489
11,0,1,65.265625,0.41873401052883735,41.73002826529206,8.272668540456205
11,1,1,49.1328125,17.185647875999866,47.110881591435955,8.301056347878706
11,0,2,63.21875,53.67222105264033,60.78859919825593,13.321088547773604
11,1,3,31.06640625,0.29311053667664905,5.740863909806015,0.9127699429784305
11,0,3,89.44140625,98.44691724908846,98.87970000002164,27.06684724030153
11,1,1,31.0234375,5.856968295156569,7.077638674746639,0.8370056990421297
11,0,2,89.5546875,98.92683026413049,99.76839047436908,30.64112197947695
11,1,2,43.08203125,0.05927390374951499,27.56530747363932,3.277237845352805
11,0,1,63.30859375,36.04453904045238,48.646462045826055,6.313339841561762
11,1,3,33.04296875,24.227699400374593,30.78723566618411,4.1880474261811536
11,0,2,61.25390625,1.0739094011876058,6.295542549306763,0.9695577381217573
11,1,3,59.1484375,96.73242402997273,99.07829605182731,16.408907246332042
11,0,1,83.3203125,16.293403078319326,52.69123678300775,10.488768603586157
11,1,1,43.0546875,0.2563864089182888,6.967539664516129,1.2495501984971993
11,0,2,65.3515625,4.62774687108196,6.641497633311542,0.2741366634168899
11,1,3,59.10546875,42.75204781834813,58.01990126150425,6.62170099150942
11,0,3,85.3125,9.612478422055672,24.211453323465424,3.947422348032864
11,1,1,51.14453125,0.8947115750850042,4.903842231183782,0.5595793946709496
11,0,3,67.2734375,7.376555876979751,14.411278357743171,1.5267831000169585
11,1,2,37.05859375,7.92934650697766,10.15425220140638,1.914168409424772
11,0,1,67.26171875,1.3607106245624495e-05,3.4608710015816238,0.4627953799995666
11,1,2,32.6015625,0.3007240019383884,0.9834017114304592,0.226035889203362
12,0,2,81.45703125,99.5905833761715,99.99850844241453,51.50887707007788
12,1,1,73.07421875,98.83686073992699,99.89061691624258,32.48070570339026
12,0,3,75.39453125,46.25934215857575,89.47706224479842,29.79351184941192
12,1,3,61.0625,45.81804643651256,97.21648122394694,54.65669899794466
12,0,2,89.47265625,95.46261314688952,99.57695487175344,35.988919421179645
12,1,2,47.06640625,84.56591940407647,98.48840423476983,25.348920311995006
12,0,3,51.27734375,99.37838820820646,99.63575250487982,38.438163560540815
12,1,1,33.015625,88.6442433299623,90.94690307890474,24.37418297153418
12,0,3,89.3828125,99.84863023107914,99.93399867146974,43.13073763100192
12,1,1,37.01171875,40.5987883264587,58.58813820048598,10.696234788713566
12,0,3,37.078125,62.56667128253438,77.90234812403205,13.085533315343138
12,1,1,38.99609375,98.3421711439306,99.54975302110691,18.942758934861462
12,0,2,71.375,93.35614653478747,99.99991368154035,41.68132408659781
12,1,1,63.0625,99.85135495604766,99.96591452748842,43.283142068710866
12,0,2,81.3046875,32.166550664715025,43.32794846047675,14.617876336336831
12,1,3,63.06640625,10.353848658594831,90.64022968160609,36.45932477282016
13,0,1,49.48046875,15.905484680283914,30.02863073061336,11.913887762513085
13,1,2,17.078125,14.887548450600598,27.78321509080207,10.316865493276183
13,0,1,49.609375,26.65132814007292,58.63733936985268,11.720363338993817
13,1,2,25.36328125,36.255906823243116,93.2821495686912,22.05515027902642
13,0,3,37.4921875,2.0026440318734395,42.299639223143615,6.043305008427064
13,1,3,9.08984375,1.313370735273567,3.921334069576011,1.9954633079306487
13,0,1,43.62890625,98.9757589194228,99.50278095288488,32.86283205926112
13,1,2,15.421875,73.53214668898299,97.58490972529324,48.20569221607725
13,0,2,63.98046875,76.27141414967842,97.54256728555175,27.41231440756211
13,1,3,39.25390625,19.551138858748377,31.68815748288202,10.784872627924223
13,0,3,63.76953125,69.26268092551531,78.3189886915983,15.584056787269892
13,1,1,35.1171875,7.990955183054889,71.20401513719693,10.341425432038228
13,0,2,62.0078125,54.43442639605695,89.17304877183828,12.884739154716373
13,1,1,29.390625,49.5796962874114,75.04795007086253,9.947616439259912
13,0,2,43.375,56.40655944332053,85.74250693020663,9.362000878902363
13,1,3,31.12890625,25.596087263752406,78.56822516235322,21.539891544754433
13,0,1,65.7109375,97.27855737734357,99.79910911336817,21.6907928983641
13,1,3,35.390625,12.621642533492519,47.97656653763075,14.42454792338562
13,0,2,77.41796875,96.12743015237822,99.05650779475035,25.04507910219603
13,1,1,31.3671875,10.345258938259557,24.540580440469654,5.596710813441949
13,0,1,71.9765625,99.02397846708152,99.53051964657979,27.3239460472904
13,1,3,35.20703125,12.3311439734523,46.10031276367966,9.552113630512475
13,0,3,77.625,97.1187567334036,99.7381793200311,32.39005663479505
13,1,2,39.16015625,40.383217723851885,48.935689179507655,5.8831281878082216
14,0,3,63.5078125,74.43107626265007,96.53478557209958,39.221130072347265
14,1,2,49.375,43.62801585879345,84.75131303297411,50.62967011247263
14,0,3,79.61328125,22.544167169937413,96.88940664462524,44.942111896232454
14,1,1,33.02734375,81.31291897372013,92.77073125421965,40.74291742905581
14,0,1,61.38671875,87.99182524338612,90.63155900885154,30.69356011640876
14,1,2,45.1171875,68.17583416146533,96.40415986511033,45.594831357043184
14,0,1,65.62109375,69.44442009472726,95.72672893897291,40.878311463948236
14,1,2,35.1171875,23.477570301298147,83.9817559229311,44.79999477807741
14,0,3,43.39453125,39.068849669687516,91.99050841086958,37.26196016437935
14,1,2,49.2578125,22.553931269677225,99.33897081982,52.46772617400561
14,0,3,67.6796875,73.10121932862812,93.920354916884,37.58850770393441
14,1,1,47.43359375,24.769762532608723,89.68159638721662,49.850233068051935
14,0,1,61.3828125,78.42643985136571,98.98467997189036,49.360941531097176
14,1,2,35.08203125,70.67011943523391,99.45044617083671,50.07290442860768
14,0,3,89.65234375,22.765841278443975,90.92508056159764,27.944136057228416
14,1,3,31.05078125,93.30670825125951,96.61152540303102,29.996350441725916
14,0,2,63.59765625,25.564319758579643,96.44719082773852,47.63589136888957
14,1,1,31.046875,75.75932492649302,92.13126228112738,59.57881374845011
14,0,2,73.73828125,60.296727274389234,84.58225173203748,43.87466998676527
14,1,3,55.26953125,61.377173914428,98.35077664456517,56.06293793623302
14,0,1,65.5703125,26.907190820716796,98.6454722658701,46.148021657408606
14,1,3,33.1328125,93.71406008219299,96.22520285391,39.33408504259497
14,0,1,75.515625,22.04460128216431,99.51142939451094,37.98016366180888
14,1,2,21.16015625,78.00992083983736,93.20124711183774,72.84100072719131
15,1,1,59.1015625,56.626160075606265,84.98615220190584,36.21773943639334
15,0,3,53.1953125,98.37862060061775,99.99933373056544,43.06203053090692
15,1,2,43.09375,15.160073857520684,78.17950212821998,29.368593843020662
15,0,3,59.390625,98.62121194793417,99.70293393403949,55.28097092028252
15,1,2,37.09375,92.47508652438391,99.43863704030747,43.28765645357397
15,0,2,65.28515625,12.126759152097767,64.92388018067162,33.652159144118905
15,1,3,35.0625,18.25894751273349,76.13249346637724,32.421127910691325
15,0,2,67.2734375,96.14420651319564,98.86831975110604,35.59086950635117
15,1,3,67.08984375,30.701580527025026,63.328858672711974,33.33896214553234
15,0,1,63.34375,98.16517900251391,99.7584342618695,33.86641613901755
15,1,1,57.13671875,95.57961712211943,99.67866337330284,26.781099161590188
15,0,3,67.2109375,16.568993393008913,58.23135107991369,16.52900624316465
15,1,2,63.171875,66.4141748676982,89.10643766129024,19.93469033943197
15,0,1,89.48046875,42.4344465838503,70.29353288897994,34.59065501833024
15,1,3,67.05859375,20.42599220915916,86.49523356620712,37.4977298237627
15,0,2,17.0,15.80393269319442,43.64073644172167,11.888687650866073
15,1,1,35.09765625,46.833516216106254,61.91470803762976,18.389363976682226
15,0,2,65.40234375,63.17345385125109,75.54907704410746,28.18167347363591
15,1,3,43.1171875,93.62709246101004,99.50636985287356,17.70929449399705
15,0,3,67.4375,42.76157580308592,96.24561321525121,39.56660604281094
15,1,1,37.15234375,69.52117856086626,76.42106989733635,27.232982049828863
15,0,1,67.28515625,43.438258537380705,67.0785147654102,20.407958996902213
15,1,2,33.94140625,63.86868408185138,88.37910156345467,34.86653055091662
