subject,performance,pct_above,pct_in_band,mean_excursion,excursion_rate
0,39.7734375,38.46153846153847,61.53846153846154,24.392997161779835,23.076923076923077
0,61.06640625,4.918032786885246,95.08196721311475,5.973437859728942,2.9508196721311477
0,55.06640625,0.0,100.0,0.0,0.0
0,61.08984375,0.0,100.0,0.0,0.0
0,67.1328125,0.0,100.0,0.0,0.0
0,64.91796875,14.0625,85.9375,16.26738370412191,8.4375
1,33.0234375,54.54545454545454,45.45454545454545,22.23798116573873,32.72727272727273
1,61.10546875,6.557377049180328,93.44262295081968,7.400975435935525,3.934426229508197
1,51.0390625,33.33333333333333,66.66666666666666,16.924691109162172,20.0
1,35.05859375,5.714285714285714,94.28571428571428,2.894560742150505,3.4285714285714284
1,67.26953125,17.91044776119403,82.08955223880598,26.735769212812,10.746268656716417
1,45.0390625,24.444444444444443,75.55555555555556,16.53640289491685,14.666666666666666
2,33.04296875,42.42424242424242,57.57575757575758,25.786364404831005,25.454545454545453
2,33.125,24.242424242424242,75.75757575757575,41.85267428749229,14.545454545454545
2,39.078125,56.41025641025641,43.58974358974359,26.10895077955666,33.84615384615385
2,10.73828125,20.0,80.0,30.372907749057212,12.0
2,37.109375,70.27027027027027,29.72972972972973,26.836343187200864,42.16216216216216
2,47.06640625,51.06382978723404,48.93617021276596,18.378624530798987,30.638297872340427
2,47.09375,53.191489361702125,46.808510638297875,23.20918142838109,31.914893617021278
2,37.01953125,16.216216216216218,83.78378378378379,5.193845120332553,9.72972972972973
3,33.1328125,63.63636363636363,36.36363636363637,49.0355589186608,38.18181818181818
3,31.08984375,67.74193548387096,32.25806451612903,58.04358913830877,40.64516129032258
3,43.3984375,67.44186046511628,32.55813953488372,31.702487973959794,40.46511627906977
3,35.0703125,45.714285714285715,54.285714285714285,25.467574896662942,27.428571428571427
3,64.94140625,40.625,59.375,44.14513094979917,24.375
4,29.37109375,10.344827586206897,89.65517241379311,40.40310771870103,6.206896551724138
4,35.0,0.0,100.0,0.0,0.0
4,45.02734375,22.22222222222222,77.77777777777779,9.411528316196687,13.333333333333334
4,43.02734375,16.27906976744186,83.72093023255815,12.152936523332432,9.767441860465116
4,41.0234375,19.51219512195122,80.48780487804879,16.118083625665584,11.707317073170731
4,63.0859375,3.1746031746031744,96.82539682539682,3.1987812421151176,1.9047619047619047
4,59.03515625,15.254237288135593,84.7457627118644,15.625689458682201,9.152542372881356
4,31.03125,25.806451612903224,74.19354838709677,34.005458888685276,15.483870967741934
4,65.05078125,0.0,100.0,0.0,0.0
4,32.96484375,18.75,81.25,19.264981289229542,11.25
5,45.14453125,26.666666666666668,73.33333333333333,10.040468932200689,16.0
5,31.03125,77.41935483870968,22.58064516129032,11.627696093136947,46.4516129032258
5,63.1171875,47.61904761904761,52.38095238095239,16.04848579980543,28.57142857142857
5,65.15625,12.307692307692308,87.6923076923077,29.937337801107045,7.384615384615385
5,45.078125,8.88888888888889,91.11111111111111,2.146747183132536,5.333333333333333
5,63.18359375,6.349206349206349,93.65079365079364,3.9103189104136598,3.8095238095238093
5,49.078125,36.734693877551024,63.26530612244898,14.536168544190105,22.040816326530614
6,43.1484375,37.2093023255814,62.7906976744186,8.522458421389736,22.325581395348838
6,45.08984375,40.0,60.0,14.221450944978312,24.0
6,31.12890625,90.32258064516128,9.67741935483871,40.707090834226314,54.19354838709677
6,45.12109375,68.88888888888889,31.11111111111111,34.57920943733071,41.333333333333336
6,33.03125,81.81818181818183,18.181818181818183,48.02942157789566,49.090909090909086
6,37.328125,91.8918918918919,8.108108108108109,57.65486684042249,55.13513513513513
6,33.1015625,93.93939393939394,6.0606060606060606,46.86711453655296,56.36363636363636
6,46.41796875,58.69565217391305,41.30434782608695,16.265793884413057,35.21739130434782
7,57.11328125,14.035087719298245,85.96491228070175,10.505318005950487,8.421052631578947
7,47.0625,25.53191489361702,74.46808510638297,13.977042487990948,15.319148936170214
7,39.08203125,17.94871794871795,82.05128205128204,2.8514725738342714,10.769230769230768
7,33.078125,36.36363636363637,63.63636363636363,12.201999983939878,21.818181818181817
7,33.0390625,0.0,100.0,0.0,0.0
7,51.07421875,29.411764705882355,70.58823529411765,15.113311898552448,17.647058823529413
7,37.01953125,5.405405405405405,94.5945945945946,4.530822070368612,3.243243243243243
7,37.07421875,29.72972972972973,70.27027027027027,12.362442819003167,17.83783783783784
8,33.1328125,93.93939393939394,6.0606060606060606,39.18415676884465,56.36363636363636
8,31.09375,32.25806451612903,67.74193548387096,20.014143622201907,19.354838709677416
8,31.22265625,61.29032258064516,38.70967741935484,32.71733846635707,36.774193548387096
8,43.171875,58.139534883720934,41.86046511627907,19.288005934178425,34.883720930232556
8,35.23828125,14.285714285714285,85.71428571428571,24.472682864888483,8.571428571428571
9,33.0703125,54.54545454545454,45.45454545454545,24.807578590069674,32.72727272727273
9,61.08984375,34.42622950819672,65.57377049180327,34.2486441935344,20.655737704918035
9,35.0390625,17.142857142857142,82.85714285714286,3.945644568164892,10.285714285714285
9,35.1171875,17.142857142857142,82.85714285714286,12.54285214796227,10.285714285714285
9,37.12890625,0.0,100.0,0.0,0.0
9,44.79296875,0.0,100.0,0.0,0.0
10,31.08203125,6.451612903225806,93.54838709677419,2.4430377313502785,3.8709677419354835
10,35.17578125,17.142857142857142,82.85714285714286,12.681436993075444,10.285714285714285
10,35.13671875,0.0,100.0,0.0,0.0
10,35.09375,0.0,100.0,0.0,0.0
10,35.06640625,0.0,100.0,0.0,0.0
10,47.078125,0.0,100.0,0.0,0.0
10,38.8671875,13.157894736842104,86.8421052631579,18.269468520611106,7.894736842105264
11,49.1328125,0.0,100.0,0.0,0.0
11,31.0234375,0.0,100.0,0.0,0.0
11,43.08203125,0.0,100.0,0.0,0.0
11,43.0546875,0.0,100.0,0.0,0.0
11,51.14453125,0.0,100.0,0.0,0.0
11,37.05859375,0.0,100.0,0.0,0.0
11,32.6015625,0.0,100.0,0.0,0.0
12,73.07421875,12.32876712328767,87.67123287671232,11.060466755474458,7.397260273972603
12,47.06640625,14.893617021276595,85.1063829787234,9.993316186571391,8.936170212765958
12,33.015625,33.33333333333333,66.66666666666666,27.353480484650092,20.0
12,37.01171875,8.108108108108109,91.8918918918919,5.82628940699558,4.864864864864865
12,38.99609375,15.789473684210526,84.21052631578947,30.649489501557085,9.473684210526317
12,63.0625,7.936507936507936,92.06349206349206,19.616792332182474,4.761904761904762
13,17.078125,29.411764705882355,70.58823529411765,4.5015208535116304,17.647058823529413
13,25.36328125,40.0,60.0,25.157937279148634,24.0
13,15.421875,73.33333333333333,26.666666666666668,46.01613104759181,44.0
13,35.1171875,8.571428571428571,91.42857142857143,23.46795542301373,5.142857142857142
13,29.390625,6.896551724137931,93.10344827586206,22.93778514764865,4.137931034482759
13,31.3671875,0.0,100.0,0.0,0.0
13,39.16015625,0.0,100.0,0.0,0.0
14,49.375,61.224489795918366,38.775510204081634,30.64827330062156,36.734693877551024
14,33.02734375,84.84848484848484,15.151515151515152,23.646828964264603,50.90909090909091
14,45.1171875,46.666666666666664,53.333333333333336,35.30561995565541,28.0
14,35.1171875,71.42857142857143,28.57142857142857,35.23950535403967,42.857142857142854
14,49.2578125,61.224489795918366,38.775510204081634,53.47307502897297,36.734693877551024
14,47.43359375,72.3404255319149,27.659574468085108,28.239225613377386,43.40425531914894
14,35.08203125,77.14285714285715,22.857142857142858,36.28839137989606,46.285714285714285
14,31.046875,96.7741935483871,3.225806451612903,40.15977587822661,58.06451612903225
14,21.16015625,95.23809523809523,4.761904761904762,58.93174937492029,57.142857142857146
15,59.1015625,35.59322033898305,64.40677966101694,16.04101747574608,21.35593220338983
15,43.09375,51.162790697674424,48.837209302325576,18.668481666382856,30.697674418604652
15,37.09375,75.67567567567568,24.324324324324326,25.194736006580364,45.4054054054054
15,57.13671875,12.280701754385964,87.71929824561403,4.729284088625754,7.36842105263158
15,63.171875,11.11111111111111,88.88888888888889,6.5715298174210375,6.666666666666666
15,35.09765625,31.428571428571427,68.57142857142857,8.424458895286417,18.857142857142858
15,37.15234375,51.35135135135135,48.64864864864865,12.686886315185939,30.81081081081081
15,33.94140625,90.9090909090909,9.090909090909092,13.527388030905515,54.54545454545454
