subject,condition,dur_s,pre_crash,baseline,rise
0,2,39.7734375,22.64428060883099,13.765437012151063,8.878843596679927
0,3,63.0546875,57.24335901903673,76.16377050892477,-18.92041148988804
0,1,61.06640625,92.04625999954285,93.9862758073074,-1.9400158077645386
0,3,63.125,77.41167595245676,57.43026299046876,19.981412961988
0,2,55.06640625,77.06604943139398,58.744399618802106,18.321649812591872
0,3,61.11328125,95.99520675983965,67.01538462341634,28.97982213642331
0,3,63.10546875,55.383236689071495,8.253140238914714,47.130096450156785
0,1,61.08984375,79.67473363963965,19.734586934846543,59.94014670479311
0,1,67.1328125,23.888772231233578,7.91306830472252,15.975703926511057
0,3,73.08203125,97.90848311096275,47.1717331151248,50.73674999583795
0,3,71.07421875,1.7052639988675273,28.459578449095574,-26.754314450228048
0,2,64.91796875,75.78075628160363,68.95895790272071,6.821798378882917
1,2,33.0234375,32.01532668208152,30.90128561460213,1.1140410674793912
1,2,61.10546875,81.95992603128654,30.461643873732328,51.498282157554215
1,1,51.0390625,27.547759201660778,41.982577219934335,-14.434818018273557
1,3,69.25,7.953190437443243,30.719817626760992,-22.76662718931775
1,1,35.05859375,2.646516765020606,1.3157342210287128,1.3307825439918932
1,2,67.26953125,53.75166945184678,76.4060146010972,-22.654345149250418
1,2,45.0390625,9.90674436804747,0.20100763479338654,9.705736733254083
1,3,37.0546875,0.7450913798042618,43.576127279187155,-42.83103589938289
2,3,41.35546875,83.95635243939873,65.80153185648473,18.154820582914
2,1,33.04296875,67.0149449894133,6.889358905537662,60.12558608387563
2,2,33.125,67.69323261129873,7.165418427704106,60.52781418359462
2,1,39.078125,94.20166130695495,40.191775566997066,54.00988573995788
2,2,37.109375,62.8226790287795,30.677988555780985,32.14469047299851
2,3,21.06640625,53.190361274510636,14.186554169468874,39.00380710504176
2,1,47.06640625,90.47981384395605,74.25806116185244,16.221752682103613
2,1,47.09375,90.98049217405269,69.7221216651507,21.25837050890199
2,3,55.29296875,92.7285187339012,75.65882069576267,17.069698038138526
2,1,37.01953125,25.468115631172616,3.764504196864123,21.703611434308492
2,3,45.1015625,90.06002774731867,8.32818714579952,81.73184060151915
2,3,38.37890625,30.534045949767012,13.220621928547558,17.313424021219454
3,1,33.1328125,97.58995985637792,59.46679279907787,38.123167057300044
3,3,37.41015625,84.28849828064048,84.14846028314476,0.14003799749572465
3,3,35.078125,31.096022806935668,73.68378749429766,-42.587764687362
3,3,53.078125,81.7194641256982,23.84818629178386,57.871277833914334
3,1,31.08984375,87.61189938350591,80.09583366874823,7.516065714757687
3,2,43.3984375,75.84024330368467,40.925269692267264,34.91497361141741
3,3,63.2421875,93.82290199641608,90.46664992372328,3.356252072692797
3,1,35.0703125,11.14788951044902,30.3741827905898,-19.22629328014078
3,3,63.1875,91.04667113897202,87.10887553402759,3.9377956049444265
3,1,64.94140625,97.57037856568276,63.5884507399705,33.98192782571226
4,1,29.37109375,28.698089533549638,0.6493454870679961,28.04874404648164
4,3,57.0625,78.47785855152257,49.95111296907497,28.526745582447603
4,2,35.0,0.7700165796687939,2.120288564338379,-1.3502719846695852
4,2,45.02734375,77.3588266625579,23.383679274145226,53.97514738841268
4,1,43.02734375,74.58581816618123,11.887808776427962,62.69800938975327
4,2,41.0234375,63.006310068614596,8.657370500378097,54.3489395682365
4,2,63.0859375,84.36116562570658,59.09742860302917,25.263737022677404
4,2,59.03515625,77.1978605566771,65.0247293343284,12.173131222348701
4,3,49.01171875,48.93873857938894,17.417604171007348,31.52113440838159
4,1,31.03125,54.03102892581874,1.5993046314988613,52.43172429431988
4,2,65.05078125,69.82003117667412,75.0402247905701,-5.220193613895972
4,2,32.96484375,47.66419430189328,3.3722803988223466,44.291913903070935
5,2,45.14453125,12.019027394594755,25.91749135145779,-13.898463956863036
5,1,31.03125,36.293014494007494,29.845596985918917,6.447417508088577
5,3,45.21875,44.44136336761036,29.812650536827267,14.62871283078309
5,3,45.16015625,12.909616645920002,7.3725367657652825,5.537079880154719
5,2,63.1171875,30.5444129708079,28.366182372816127,2.1782305979917744
5,1,65.15625,69.86656892398702,48.237686415875125,21.628882508111893
5,2,45.078125,18.117811330743102,34.10769714552686,-15.989885814783761
5,1,63.18359375,35.5752491534392,14.523532113635863,21.05171703980334
5,3,37.08984375,57.93186746490055,36.65455045767165,21.277317007228902
5,2,49.078125,72.3819879983916,62.885629443458996,9.496358554932598
6,1,43.1484375,5.840382970908175,23.504064150780906,-17.663681179872732
6,2,45.08984375,79.97023619469353,33.98238536006043,45.9878508346331
6,2,31.12890625,89.41006743341214,54.00628273853808,35.403784694874055
6,3,51.21484375,96.9408449778669,96.24291058489243,0.6979343929744743
6,3,47.2890625,97.11475723298456,96.69952641531351,0.41523081767104486
6,1,45.12109375,76.05990873269667,60.713952581745865,15.345956150950805
6,3,63.10546875,99.2579914953941,99.15970327269949,0.09828822269460602
6,2,33.03125,67.7937592503857,66.47016282027414,1.3235964301115644
6,2,37.328125,92.6756520293413,92.82911503900866,-0.15346300966736237
6,1,33.1015625,67.75249990730717,79.51848643342282,-11.765986526115654
6,1,46.41796875,78.13897769325784,40.024829274079174,38.11414841917867
7,2,57.11328125,73.24401293272896,49.25212664149211,23.991886291236852
7,1,47.0625,46.06957942869758,38.637995509160575,7.431583919537005
7,2,39.08203125,32.94811457860517,14.751658246222814,18.196456332382358
7,1,33.078125,33.64918114716779,26.47420055884562,7.174980588322168
7,3,63.18359375,72.54540996278804,88.8916611182637,-16.346251155475656
7,2,33.0390625,1.6046973092771424,12.496858077470568,-10.892160768193426
7,2,51.07421875,37.72949763912126,40.16364618532931,-2.43414854620805
7,3,51.15625,19.461091061849245,39.296582109020505,-19.83549104717126
7,2,37.01953125,6.217420917352731,11.243748468491692,-5.0263275511389605
7,1,37.07421875,29.98353161727699,26.41358320680746,3.5699484104695323
8,2,33.1328125,58.14097849390134,45.0879502515062,13.053028242395143
8,1,31.09375,50.86607146171387,4.874705160490219,45.99136630122365
8,3,35.26171875,32.96131234788411,8.48588815507596,24.47542419280815
8,3,53.39453125,86.09410059195974,94.37113745435084,-8.2770368623911
8,1,31.22265625,47.711316070857755,6.359774243191151,41.35154182766661
8,2,43.171875,92.37597632555571,40.10408494503907,52.27189138051664
8,3,39.35546875,10.740747172215404,41.27684430043507,-30.53609712821967
8,3,31.12109375,32.6629428538897,31.413759166284887,1.2491836876048161
8,3,43.453125,76.41629679398788,20.42804775544196,55.98824903854592
8,1,35.23828125,46.53206661603374,7.102097240944209,39.42996937508953
8,3,61.14453125,60.4097713818032,50.21099535410789,10.198776027695317
9,1,33.0703125,22.323014958684062,27.894229937569623,-5.5712149788855605
9,2,61.08984375,38.40301718094752,20.026994598357273,18.37602258259025
9,2,35.0390625,17.121639452329184,9.862255439757595,7.259384012571589
9,3,51.10546875,38.840835972309726,24.308597867056733,14.532238105252993
9,2,35.1171875,44.33325289800917,0.8239043366080077,43.50934856140116
9,2,37.12890625,9.948024067974284,8.85442236278711,1.093601705187174
9,3,35.01171875,0.4088245302679795,1.6831629148650538,-1.2743383845970744
9,1,44.79296875,38.51258796973011,2.0041232327488556,36.50846473698126
10,2,31.08203125,5.4620583952765305,9.865245233034127,-4.4031868377575965
10,2,35.17578125,14.08140574489895,5.729482875727546,8.351922869171403
10,3,41.27734375,69.51798690534504,4.512210119571732,65.0057767857733
10,3,35.11328125,18.42400577651803,3.707685508937979,14.71632026758005
10,1,35.13671875,10.39111562967563,0.039192653341291094,10.35192297633434
10,2,35.09375,2.1259061100538945,1.216266840447466,0.9096392696064286
10,3,33.125,0.3105671695793827,5.492719318524836,-5.182152148945454
10,3,41.10546875,3.9340661586868935,5.141879228126937,-1.2078130694400437
10,2,35.06640625,0.882775267304679,0.48129983816241506,0.401475429142264
10,3,37.09375,1.151642692431484,1.7702004817494057,-0.6185577893179217
10,2,47.078125,3.785504454039402,1.4763347370553899,2.3091697169840124
10,2,38.8671875,25.577835714549092,3.6666687452312354,21.911166969317858
11,3,63.07421875,13.438913776615673,22.439351976974695,-9.000438200359023
11,1,49.1328125,14.342040583638397,20.564082433560543,-6.222041849922146
11,3,31.06640625,0.6194174989080042,2.124953692929879,-1.5055361940218748
11,1,31.0234375,2.1288985494857235,0.38408027974779574,1.7448182697379278
11,2,43.08203125,1.531871674849702,12.219755428473395,-10.687883753623693
11,3,33.04296875,12.820174172061892,0.47471916763153993,12.345455004430352
11,3,59.1484375,70.16994253991587,20.932794609939663,49.2371479299762
11,1,43.0546875,1.9997226625304385,1.7677661786754073,0.2319564838550312
11,3,59.10546875,21.660992463819618,9.304075291061565,12.356917172758052
11,1,51.14453125,1.388208915196731,1.3477121415893702,0.0404967736073607
11,2,37.05859375,5.006510364142048,1.8566135812805946,3.149896782861453
11,2,32.6015625,0.53484918434576,0.17924933780217728,0.35559984654358273
12,1,73.07421875,86.52664256715845,45.78847635249126,40.73816621466719
12,3,61.0625,68.88028406415913,77.06305770435281,-8.182773640193687
12,2,47.06640625,85.49262585531395,29.100126766631377,56.39249908868257
12,1,33.015625,64.8373673810486,10.372571734929943,54.46479564611865
12,1,37.01171875,37.293022646385,1.2179620821404138,36.07506056424458
12,1,38.99609375,66.03851353592431,3.115719376806076,62.92279415911823
12,1,63.0625,98.76983122635347,92.17334419554432,6.596487030809158
12,3,63.06640625,8.944784614027645,61.82629202633708,-52.88150741230943
13,2,25.36328125,43.88716987106918,9.545572614965907,34.34159725610328
13,3,39.25390625,21.965776456595243,7.621826534064863,14.343949922530381
13,1,35.1171875,29.56457011386549,5.472344574247985,24.092225539617505
13,1,29.390625,18.97642465112942,7.783127571948801,11.19329707918062
13,3,31.12890625,34.22304185485295,28.597642139209295,5.625399715643656
13,3,35.390625,20.664614573532294,27.41945519570685,-6.754840622174555
13,1,31.3671875,12.880941840946372,3.3954052710741736,9.485536569872199
13,3,35.20703125,25.189495374958796,6.601687473138043,18.587807901820753
13,2,39.16015625,16.43641882212889,3.6805676666585647,12.755851155470324
14,2,49.375,56.54489049258884,46.050917015191736,10.493973477397105
14,1,33.02734375,73.52797993710479,42.45271982291294,31.07526011419185
14,2,45.1171875,69.67233838317244,86.3801786315028,-16.707840248330356
14,2,35.1171875,44.43908380226485,64.68764387367814,-20.248560071413294
14,2,49.2578125,15.039153747921414,32.01038270081061,-16.971228952889195
14,1,47.43359375,45.690896161292414,67.71260463759577,-22.02170847630336
14,2,35.08203125,85.50830186703614,43.71178498373789,41.796516883298246
14,3,31.05078125,84.17801025842434,5.912396224522455,78.26561403390188
14,1,31.046875,49.182158740272044,61.53629622379026,-12.354137483518215
14,3,55.26953125,67.2108016223599,84.83018008185431,-17.619378459494413
14,3,33.1328125,92.53458431479626,33.8567867294884,58.677797585307864
14,2,21.16015625,66.71147013510812,79.93033778644022,-13.218867651332104
15,1,59.1015625,55.53787997152508,41.27070410793139,14.267175863593692
15,2,43.09375,21.00767108358579,46.21938261914458,-25.21171153555879
15,2,37.09375,63.68069854032724,21.65769511346313,42.02300342686411
15,3,35.0625,25.504206594536345,49.41429527176474,-23.910088677228398
15,3,67.08984375,30.737464033332014,36.201202856436076,-5.4637388231040624
15,1,57.13671875,44.7300138668121,45.956087556652534,-1.2260736898404332
15,2,63.171875,44.310727861826685,14.508438225067717,29.802289636758967
15,3,67.05859375,19.703869100970984,23.651953947943063,-3.9480848469720797
15,1,35.09765625,45.75881739595346,16.601463822085663,29.157353573867795
15,3,43.1171875,52.2414686673813,11.86211986295389,40.37934880442741
15,1,37.15234375,52.820182814056764,23.197699048693018,29.622483765363746
15,2,33.94140625,44.596249761726384,32.93253811340035,11.663711648326036
