subject,difficulty,condition,arousal,remaining,total,bin
0,0,2,47.65071481645363,35.46875,65.46875,"(45, 60]"
0,1,2,17.608641818801704,9.7734375,39.7734375,"(15, 30]"
0,0,1,53.86248975447188,49.484375,79.484375,"(45, 60]"
0,1,3,10.437287728465753,33.0546875,63.0546875,"(0, 15]"
0,0,3,5.649434881920393,39.30859375,69.30859375,"(0, 15]"
0,1,1,8.014302601985907,31.06640625,61.06640625,"(0, 15]"
0,0,2,18.225989758268902,43.3515625,73.3515625,"(15, 30]"
0,1,3,2.752152318996182,33.125,63.125,"(0, 15]"
0,0,1,7.655957838473552,41.26171875,71.26171875,"(0, 15]"
0,1,2,0.013986160250600791,25.06640625,55.06640625,"(0, 15]"
0,0,1,27.509496915206977,57.51171875,87.51171875,"(15, 30]"
0,1,3,8.603202866266283,31.11328125,61.11328125,"(0, 15]"
0,0,3,4.511042795242152,57.45703125,87.45703125,"(0, 15]"
0,1,3,0.19910707323470858,33.10546875,63.10546875,"(0, 15]"
0,0,2,25.880010680712438,59.4609375,89.4609375,"(15, 30]"
0,1,1,1.5441144839219334,31.08984375,61.08984375,"(0, 15]"
0,0,2,0.013955947978877451,7.12109375,37.12109375,"(0, 15]"
0,1,1,2.28074244594393,37.1328125,67.1328125,"(0, 15]"
0,0,1,0.624290722226067,39.32421875,69.32421875,"(0, 15]"
0,1,3,8.229410620275143,43.08203125,73.08203125,"(0, 15]"
0,0,2,1.0924887515814548,59.37890625,89.37890625,"(0, 15]"
0,1,3,7.799006888792701,41.07421875,71.07421875,"(0, 15]"
0,0,1,0.012631513796901191,59.41015625,89.41015625,"(0, 15]"
0,1,2,2.9497380023057778,34.91796875,64.91796875,"(0, 15]"
1,0,3,97.9228465514075,3.1484375,33.1484375,"(60, 100]"
1,1,2,16.69736100157504,3.0234375,33.0234375,"(15, 30]"
1,0,3,24.848319596970416,43.421875,73.421875,"(15, 30]"
1,1,2,9.777145388854313,31.10546875,61.10546875,"(0, 15]"
1,0,1,10.49176970732709,31.234375,61.234375,"(0, 15]"
1,1,1,26.48458124824897,21.0390625,51.0390625,"(15, 30]"
1,0,2,16.71513584192702,49.5078125,79.5078125,"(15, 30]"
1,1,3,35.67811561488039,39.25,69.25,"(30, 45]"
1,0,3,54.473493080983964,37.42578125,67.42578125,"(45, 60]"
1,1,1,3.819052698507272,5.05859375,35.05859375,"(0, 15]"
1,0,1,6.526832384415826,55.6328125,85.6328125,"(0, 15]"
1,1,2,41.06133586603063,37.26953125,67.26953125,"(30, 45]"
1,0,2,0.4592488061068386,31.28515625,61.28515625,"(0, 15]"
1,1,2,0.03533134663664716,15.0390625,45.0390625,"(0, 15]"
1,0,1,15.242408067061593,35.25,65.25,"(15, 30]"
1,1,3,3.770495944841298,7.0546875,37.0546875,"(0, 15]"
2,0,2,2.6783012172137726,33.53515625,63.53515625,"(0, 15]"
2,1,3,85.24501412055079,11.35546875,41.35546875,"(60, 100]"
2,0,3,0.9267888033024644,37.6796875,67.6796875,"(0, 15]"
2,1,1,68.80871294445747,3.04296875,33.04296875,"(60, 100]"
2,0,1,13.60854523065926,31.58984375,61.58984375,"(0, 15]"
2,1,2,86.75757035895609,3.125,33.125,"(60, 100]"
2,0,2,4.851879350095433,31.5859375,61.5859375,"(0, 15]"
2,1,1,45.50440955938036,9.078125,39.078125,"(45, 60]"
2,1,2,30.273219956095186,7.109375,37.109375,"(30, 45]"
2,0,3,7.266926179212895,31.67578125,61.67578125,"(0, 15]"
2,0,2,4.257688758881591,33.59765625,63.59765625,"(0, 15]"
2,1,1,60.33729775834333,17.06640625,47.06640625,"(60, 100]"
2,0,2,59.813131402967244,35.41015625,65.41015625,"(45, 60]"
2,1,1,48.21504721117928,17.09375,47.09375,"(45, 60]"
2,0,3,19.298686537704132,59.671875,89.671875,"(15, 30]"
2,1,3,10.582544524669995,25.29296875,55.29296875,"(0, 15]"
2,0,1,32.77207681578456,23.23828125,53.23828125,"(30, 45]"
2,1,1,11.592395146717902,7.01953125,37.01953125,"(0, 15]"
2,0,2,61.80766321026292,37.27734375,67.27734375,"(60, 100]"
2,1,3,4.193216514014148,15.1015625,45.1015625,"(0, 15]"
2,0,2,3.3471650617671704,11.33203125,41.33203125,"(0, 15]"
2,1,3,2.899647062076783,8.37890625,38.37890625,"(0, 15]"
3,0,2,98.26250500145731,1.1875,31.1875,"(60, 100]"
3,0,3,10.754538902158298,8.04296875,38.04296875,"(0, 15]"
3,1,1,97.29941398548621,3.1328125,33.1328125,"(60, 100]"
3,0,2,2.733916911809035,33.8828125,63.8828125,"(0, 15]"
3,1,3,75.65201987344592,7.41015625,37.41015625,"(60, 100]"
3,0,2,23.590954122896974,35.48828125,65.48828125,"(15, 30]"
3,1,3,41.074542769454,5.078125,35.078125,"(30, 45]"
3,0,1,12.617958617385579,47.546875,77.546875,"(0, 15]"
3,1,3,4.601288203818095,23.078125,53.078125,"(0, 15]"
3,0,2,87.1673332175649,7.37109375,37.37109375,"(60, 100]"
3,1,1,94.77555482566478,1.08984375,31.08984375,"(60, 100]"
3,0,3,64.98766845555186,23.3046875,53.3046875,"(60, 100]"
3,1,2,40.43251848582372,13.3984375,43.3984375,"(30, 45]"
3,0,1,0.31516380959325735,27.2734375,57.2734375,"(0, 15]"
3,0,2,45.61178246436157,33.44140625,63.44140625,"(45, 60]"
3,1,3,50.79068627966454,33.2421875,63.2421875,"(45, 60]"
3,0,3,61.66664254916735,39.38671875,69.38671875,"(60, 100]"
3,1,1,5.9662957215693115,5.0703125,35.0703125,"(0, 15]"
3,0,2,25.060096269458445,31.53125,61.53125,"(15, 30]"
3,1,3,12.913971888828485,33.1875,63.1875,"(0, 15]"
3,0,2,1.7824733489720839,31.36328125,61.36328125,"(0, 15]"
3,1,1,29.13601351730646,34.94140625,64.94140625,"(15, 30]"
4,1,3,51.97416359383544,27.0625,57.0625,"(45, 60]"
4,0,2,2.5607511031234105,49.41015625,79.41015625,"(0, 15]"
4,1,2,0.9561860068030615,5.0,35.0,"(0, 15]"
4,0,3,2.9224132128641713,37.33203125,67.33203125,"(0, 15]"
4,1,2,28.51847964576627,15.02734375,45.02734375,"(15, 30]"
4,0,1,1.2516778454205428,43.22265625,73.22265625,"(0, 15]"
4,1,1,9.288672522380505,13.02734375,43.02734375,"(0, 15]"
4,0,3,2.8009795872038508,35.23828125,65.23828125,"(0, 15]"
4,1,2,2.4110567476606315,11.0234375,41.0234375,"(0, 15]"
4,0,3,8.88835168704156,21.18359375,51.18359375,"(0, 15]"
4,1,2,3.7925859606340966,33.0859375,63.0859375,"(0, 15]"
4,0,1,21.408430854637235,9.08984375,39.08984375,"(15, 30]"
4,1,2,6.48853571144263,29.03515625,59.03515625,"(0, 15]"
4,0,1,2.3680262125852316,37.3046875,67.3046875,"(0, 15]"
4,1,3,10.466165261217183,19.01171875,49.01171875,"(0, 15]"
4,1,1,79.64926623807776,1.03125,31.03125,"(60, 100]"
4,0,3,4.323261244694832,59.38671875,89.38671875,"(0, 15]"
4,1,2,9.506900290753716,35.05078125,65.05078125,"(0, 15]"
4,0,1,4.7845949978314914,47.3046875,77.3046875,"(0, 15]"
4,1,2,40.00502373021824,2.96484375,32.96484375,"(30, 45]"
5,0,3,52.676137310761305,43.546875,73.546875,"(45, 60]"
5,1,2,32.46138063295799,15.14453125,45.14453125,"(30, 45]"
5,0,2,33.84855960850669,53.34375,83.34375,"(30, 45]"
5,1,1,38.957383262758604,1.03125,31.03125,"(30, 45]"
5,0,1,10.920006430334148,37.33203125,67.33203125,"(0, 15]"
5,1,3,19.224855145377905,15.21875,45.21875,"(15, 30]"
5,0,3,10.678950166279545,31.32421875,61.32421875,"(0, 15]"
5,1,3,5.871874082313427,15.16015625,45.16015625,"(0, 15]"
5,0,2,52.78636396179098,57.46875,87.46875,"(45, 60]"
5,1,2,49.15065919708605,33.1171875,63.1171875,"(45, 60]"
5,0,1,10.358966149702592,57.37109375,87.37109375,"(0, 15]"
5,1,1,8.703001442396971,35.15625,65.15625,"(0, 15]"
5,0,1,14.055879433986416,33.16015625,63.16015625,"(0, 15]"
5,0,3,4.313224257508358,21.37109375,51.37109375,"(0, 15]"
5,1,2,24.060694602147684,15.078125,45.078125,"(15, 30]"
5,0,2,3.993254685271549,41.51171875,71.51171875,"(0, 15]"
5,1,1,8.97412895299877,33.18359375,63.18359375,"(0, 15]"
5,0,1,8.65253618285341,41.359375,71.359375,"(0, 15]"
5,0,2,35.716344284496174,33.32421875,63.32421875,"(30, 45]"
5,1,3,42.34995118904074,7.08984375,37.08984375,"(30, 45]"
5,0,1,11.351329448323366,55.41015625,85.41015625,"(0, 15]"
5,1,2,33.99096579378089,19.078125,49.078125,"(30, 45]"
5,0,3,9.59561107686332,34.6640625,64.6640625,"(0, 15]"
6,0,2,40.359019930790396,5.46875,35.46875,"(30, 45]"
6,0,1,10.146523013194166,39.49609375,69.49609375,"(0, 15]"
6,1,1,29.946578096795974,13.1484375,43.1484375,"(15, 30]"
6,0,3,13.253653212207727,39.6875,69.6875,"(0, 15]"
6,1,2,34.56634882491226,15.08984375,45.08984375,"(30, 45]"
6,0,1,56.47594628238145,5.40625,35.40625,"(45, 60]"
6,1,2,96.03894492421882,1.12890625,31.12890625,"(60, 100]"
6,0,2,71.94102270010193,21.484375,51.484375,"(60, 100]"
6,1,3,69.24241122466105,21.21484375,51.21484375,"(60, 100]"
6,1,3,93.49247615815875,17.2890625,47.2890625,"(60, 100]"
6,0,3,60.0271386320109,31.38671875,61.38671875,"(60, 100]"
6,1,1,65.9412733220605,15.12109375,45.12109375,"(60, 100]"
6,0,1,37.2455697988445,47.58203125,77.58203125,"(30, 45]"
6,1,3,86.36456873705633,33.10546875,63.10546875,"(60, 100]"
6,0,2,75.70066243036334,41.32421875,71.32421875,"(60, 100]"
6,1,2,53.227996152768355,3.03125,33.03125,"(45, 60]"
6,0,3,68.70624934389987,33.66015625,63.66015625,"(60, 100]"
6,1,2,84.83584980442836,7.328125,37.328125,"(60, 100]"
6,0,2,73.53571501282829,33.375,63.375,"(60, 100]"
6,1,1,71.36084890937028,3.1015625,33.1015625,"(60, 100]"
6,0,3,63.388523606889315,41.5078125,71.5078125,"(60, 100]"
6,1,1,35.099635743335604,16.41796875,46.41796875,"(30, 45]"
7,0,1,7.01907849929583,39.39453125,69.39453125,"(0, 15]"
7,1,2,28.428865394987792,27.11328125,57.11328125,"(15, 30]"
7,0,3,29.68453608879173,35.4609375,65.4609375,"(15, 30]"
7,0,2,29.897563778737275,33.41015625,63.41015625,"(15, 30]"
7,1,1,61.29413158296465,17.0625,47.0625,"(60, 100]"
7,0,3,16.11926916177917,33.36328125,63.36328125,"(15, 30]"
7,1,2,7.637072174289048,9.08203125,39.08203125,"(0, 15]"
7,0,2,3.6852241584907413,35.32421875,65.32421875,"(0, 15]"
7,1,1,31.525205280440037,3.078125,33.078125,"(30, 45]"
7,0,3,0.49329220507719923,37.2421875,67.2421875,"(0, 15]"
7,0,3,29.29391209487006,25.2421875,55.2421875,"(15, 30]"
7,1,3,78.59230946922919,33.18359375,63.18359375,"(60, 100]"
7,0,3,13.64879934831697,3.1875,33.1875,"(0, 15]"
7,1,2,1.037865652206964,3.0390625,33.0390625,"(0, 15]"
7,0,1,11.969994240401874,33.3671875,63.3671875,"(0, 15]"
7,1,2,3.2527244598518372,21.07421875,51.07421875,"(0, 15]"
7,0,1,3.1373249848168827,33.4765625,63.4765625,"(0, 15]"
7,1,3,11.825594598548424,21.15625,51.15625,"(0, 15]"
7,0,3,7.277774624877691,37.328125,67.328125,"(0, 15]"
7,1,2,13.039617595152396,7.01953125,37.01953125,"(0, 15]"
7,0,2,27.908996624617952,3.1953125,33.1953125,"(15, 30]"
7,1,1,24.466210373465533,7.07421875,37.07421875,"(15, 30]"
7,0,1,50.67643320939884,7.3359375,37.3359375,"(45, 60]"
8,0,1,51.80469544599522,47.92578125,77.92578125,"(45, 60]"
8,1,2,45.974544987868306,3.1328125,33.1328125,"(45, 60]"
8,0,2,3.6481930897341406,41.45703125,71.45703125,"(0, 15]"
8,1,1,57.84227082760331,1.09375,31.09375,"(45, 60]"
8,0,3,13.92636479038591,57.79296875,87.79296875,"(0, 15]"
8,1,3,4.464100202650308,5.26171875,35.26171875,"(0, 15]"
8,0,1,86.11580093309809,31.51953125,61.51953125,"(60, 100]"
8,1,3,59.439905534794704,23.39453125,53.39453125,"(45, 60]"
8,0,2,6.894419487600345,35.5546875,65.5546875,"(0, 15]"
8,1,1,66.36938654651735,1.22265625,31.22265625,"(60, 100]"
8,0,3,28.617180264922943,35.74609375,65.74609375,"(15, 30]"
8,1,2,36.377986925868775,13.171875,43.171875,"(30, 45]"
8,0,2,95.8373244247176,41.66796875,71.66796875,"(60, 100]"
8,1,3,21.72188055710446,9.35546875,39.35546875,"(15, 30]"
8,0,2,69.79214845895201,31.78515625,61.78515625,"(60, 100]"
8,0,1,5.492845070698046,33.52734375,63.52734375,"(0, 15]"
8,1,3,15.825523897080183,1.12109375,31.12109375,"(15, 30]"
8,0,2,60.235435412022376,33.5625,63.5625,"(60, 100]"
8,1,3,17.54184569622536,13.453125,43.453125,"(15, 30]"
8,0,2,12.788494734992025,33.5078125,63.5078125,"(0, 15]"
8,1,1,19.579716371883908,5.23828125,35.23828125,"(15, 30]"
8,0,1,4.6720167450017245,42.31640625,72.31640625,"(0, 15]"
8,1,3,10.789608646001486,31.14453125,61.14453125,"(0, 15]"
9,0,3,0.05183009288598156,25.33984375,55.33984375,"(0, 15]"
9,1,1,12.124712506388656,3.0703125,33.0703125,"(0, 15]"
9,0,1,0.7826715356383802,23.34375,53.34375,"(0, 15]"
9,1,2,30.19484257216441,31.08984375,61.08984375,"(30, 45]"
9,0,3,11.18346905242492,37.41015625,67.41015625,"(0, 15]"
9,1,2,11.472360707422917,5.0390625,35.0390625,"(0, 15]"
9,0,3,38.77229703177237,37.43359375,67.43359375,"(30, 45]"
9,1,3,5.86449458627587,21.10546875,51.10546875,"(0, 15]"
9,0,1,26.294125958132717,39.3671875,69.3671875,"(15, 30]"
9,1,2,42.89023599282251,5.1171875,35.1171875,"(30, 45]"
9,0,1,0.12785333177545535,23.21875,53.21875,"(0, 15]"
9,1,2,3.320094534929556,7.12890625,37.12890625,"(0, 15]"
9,0,2,0.047381879952802186,7.19140625,37.19140625,"(0, 15]"
9,1,3,0.0679412603023258,5.01171875,35.01171875,"(0, 15]"
9,0,1,6.948870862413065,37.3125,67.3125,"(0, 15]"
9,1,1,0.01948880556972995,14.79296875,44.79296875,"(0, 15]"
10,0,1,2.7813095651830615,60.1875,90.1875,"(0, 15]"
10,1,2,5.313643472557848,1.08203125,31.08203125,"(0, 15]"
10,0,1,0.6744362680681263,37.83203125,67.83203125,"(0, 15]"
10,1,2,2.7228195538028515,5.17578125,35.17578125,"(0, 15]"
10,0,3,0.6508493695642865,31.546875,61.546875,"(0, 15]"
10,1,3,2.255219800335632,11.27734375,41.27734375,"(0, 15]"
10,1,3,0.7535663102581074,5.11328125,35.11328125,"(0, 15]"
10,0,3,27.156678261366142,45.66796875,75.66796875,"(15, 30]"
10,1,1,0.29437721170607734,5.13671875,35.13671875,"(0, 15]"
10,0,2,2.679336285320565,35.55078125,65.55078125,"(0, 15]"
10,1,2,1.5906006344604076,5.09375,35.09375,"(0, 15]"
10,0,1,33.124548544921595,51.625,81.625,"(30, 45]"
10,1,3,0.17328226658413623,3.125,33.125,"(0, 15]"
10,0,1,0.00791082564420012,47.52734375,77.52734375,"(0, 15]"
10,1,3,2.4464713775141047,11.10546875,41.10546875,"(0, 15]"
10,0,2,1.717922273324953,59.33984375,89.33984375,"(0, 15]"
10,1,2,1.348253887775396,5.06640625,35.06640625,"(0, 15]"
10,0,1,0.8023476730956078,49.64453125,79.64453125,"(0, 15]"
10,1,3,2.947820270134371,7.09375,37.09375,"(0, 15]"
10,0,3,0.5214023320212071,41.49609375,71.49609375,"(0, 15]"
10,1,2,0.6382070495708577,17.078125,47.078125,"(0, 15]"
10,0,1,0.0027737540309968876,33.515625,63.515625,"(0, 15]"
10,1,2,6.42920105876032,8.8671875,38.8671875,"(0, 15]"
11,0,2,0.26160834534303035,41.44921875,71.44921875,"(0, 15]"
11,1,3,0.6743993270136248,33.07421875,63.07421875,"(0, 15]"
11,0,1,0.09152889547599632,35.265625,65.265625,"(0, 15]"
11,1,1,3.359936453978322,19.1328125,49.1328125,"(0, 15]"
11,0,2,1.9586323098923462,33.21875,63.21875,"(0, 15]"
11,1,3,0.09514251634176142,1.06640625,31.06640625,"(0, 15]"
11,0,3,0.3034518132788764,59.44140625,89.44140625,"(0, 15]"
11,1,1,2.5392690960427364,1.0234375,31.0234375,"(0, 15]"
11,0,2,0.4441216305109433,59.5546875,89.5546875,"(0, 15]"
11,1,2,11.144855403674079,13.08203125,43.08203125,"(0, 15]"
11,0,1,0.72618753783893,33.30859375,63.30859375,"(0, 15]"
11,1,3,9.33139331713347,3.04296875,33.04296875,"(0, 15]"
11,0,2,0.43049451439788483,31.25390625,61.25390625,"(0, 15]"
11,1,3,0.68644093747331,29.1484375,59.1484375,"(0, 15]"
11,0,1,0.6935321582917892,53.3203125,83.3203125,"(0, 15]"
11,1,1,0.28610770744672404,13.0546875,43.0546875,"(0, 15]"
11,0,2,0.0,35.3515625,65.3515625,
11,1,3,1.0274164239036074,29.10546875,59.10546875,"(0, 15]"
11,0,3,0.00036227741770106876,55.3125,85.3125,"(0, 15]"
11,1,1,2.2458679158997995e-07,21.14453125,51.14453125,"(0, 15]"
11,0,3,0.012159486058522686,37.2734375,67.2734375,"(0, 15]"
11,1,2,3.9049986888459367,7.05859375,37.05859375,"(0, 15]"
11,0,1,0.3696546571439557,37.26171875,67.26171875,"(0, 15]"
11,1,2,0.6463068696488875,2.6015625,32.6015625,"(0, 15]"
12,0,2,57.86786759481195,51.45703125,81.45703125,"(45, 60]"
12,1,1,8.364263594453783,43.07421875,73.07421875,"(0, 15]"
12,0,3,35.638997078533656,45.39453125,75.39453125,"(30, 45]"
12,1,3,78.0811887184148,31.0625,61.0625,"(60, 100]"
12,0,2,7.113342068837467,59.47265625,89.47265625,"(0, 15]"
12,1,2,3.4311827569765234,17.06640625,47.06640625,"(0, 15]"
12,0,3,36.280615901830245,21.27734375,51.27734375,"(30, 45]"
12,1,1,60.8732554000659,3.015625,33.015625,"(60, 100]"
12,0,3,4.463297550750464,59.3828125,89.3828125,"(0, 15]"
12,1,1,14.552971204567324,7.01171875,37.01171875,"(0, 15]"
12,0,3,4.883073260211047,7.078125,37.078125,"(0, 15]"
12,1,1,0.5119390491018526,8.99609375,38.99609375,"(0, 15]"
12,0,2,81.52013229354868,41.375,71.375,"(60, 100]"
12,1,1,14.933751174975786,33.0625,63.0625,"(0, 15]"
12,0,2,29.125985691262343,51.3046875,81.3046875,"(15, 30]"
12,1,3,71.70585723562964,33.06640625,63.06640625,"(60, 100]"
13,0,1,9.062033881079273,19.48046875,49.48046875,"(0, 15]"
13,0,1,2.178536338403,19.609375,49.609375,"(0, 15]"
13,0,3,0.8542632851413476,7.4921875,37.4921875,"(0, 15]"
13,0,1,22.173724817834945,13.62890625,43.62890625,"(15, 30]"
13,0,2,50.8175441469618,33.98046875,63.98046875,"(45, 60]"
13,1,3,12.119025209601048,9.25390625,39.25390625,"(0, 15]"
13,0,3,9.35443782628929,33.76953125,63.76953125,"(0, 15]"
13,1,1,43.26870240382382,5.1171875,35.1171875,"(30, 45]"
13,0,2,3.3723994582705976,32.0078125,62.0078125,"(0, 15]"
13,0,2,7.647469169938449,13.375,43.375,"(0, 15]"
13,1,3,48.92709273736445,1.12890625,31.12890625,"(45, 60]"
13,0,1,3.058281629616107,35.7109375,65.7109375,"(0, 15]"
13,1,3,27.274536028484796,5.390625,35.390625,"(15, 30]"
13,0,2,5.518932107843056,47.41796875,77.41796875,"(0, 15]"
13,1,1,7.515649262006751,1.3671875,31.3671875,"(0, 15]"
13,0,1,7.46580034268541,41.9765625,71.9765625,"(0, 15]"
13,1,3,31.227626023129137,5.20703125,35.20703125,"(30, 45]"
13,0,3,7.801635450582682,47.625,77.625,"(0, 15]"
13,1,2,5.441848902641452,9.16015625,39.16015625,"(0, 15]"
14,0,3,17.622743905041748,33.5078125,63.5078125,"(15, 30]"
14,1,2,52.654781670875096,19.375,49.375,"(45, 60]"
14,0,3,66.94890836279103,49.61328125,79.61328125,"(60, 100]"
14,1,1,75.20948030644442,3.02734375,33.02734375,"(60, 100]"
14,0,1,0.5419269721146003,31.38671875,61.38671875,"(0, 15]"
14,1,2,86.50727405957666,15.1171875,45.1171875,"(60, 100]"
14,0,1,75.00103927793093,35.62109375,65.62109375,"(60, 100]"
14,1,2,58.54235162644238,5.1171875,35.1171875,"(45, 60]"
14,0,3,64.93599492808346,13.39453125,43.39453125,"(60, 100]"
14,1,2,82.6047721342874,19.2578125,49.2578125,"(60, 100]"
14,0,3,64.85408180198164,37.6796875,67.6796875,"(60, 100]"
14,1,1,36.32209859416026,17.43359375,47.43359375,"(30, 45]"
14,0,1,66.86296166313682,31.3828125,61.3828125,"(60, 100]"
14,1,2,89.2969906489441,5.08203125,35.08203125,"(60, 100]"
14,0,3,8.750729748732073,59.65234375,89.65234375,"(0, 15]"
14,1,3,92.94379266162063,1.05078125,31.05078125,"(60, 100]"
14,0,2,33.406154333564906,33.59765625,63.59765625,"(30, 45]"
14,1,1,58.27237272523073,1.046875,31.046875,"(45, 60]"
14,0,2,48.211119059723515,43.73828125,73.73828125,"(45, 60]"
14,1,3,24.595505546399988,25.26953125,55.26953125,"(15, 30]"
14,0,1,66.88365355360179,35.5703125,65.5703125,"(60, 100]"
14,1,3,93.1672646625735,3.1328125,33.1328125,"(60, 100]"
14,0,1,1.1226939700181249,45.515625,75.515625,"(0, 15]"
15,1,1,34.99515929706668,29.1015625,59.1015625,"(30, 45]"
15,0,3,30.22808021115901,23.1953125,53.1953125,"(30, 45]"
15,1,2,53.29229604594245,13.09375,43.09375,"(45, 60]"
15,0,3,33.08827618987554,29.390625,59.390625,"(30, 45]"
15,1,2,38.144908403280866,7.09375,37.09375,"(30, 45]"
15,0,2,32.75379076452718,35.28515625,65.28515625,"(30, 45]"
15,1,3,18.607253217289603,5.0625,35.0625,"(15, 30]"
15,0,2,24.679685259313818,37.2734375,67.2734375,"(15, 30]"
15,1,3,27.95145016034586,37.08984375,67.08984375,"(15, 30]"
15,0,1,24.23685171681672,33.34375,63.34375,"(15, 30]"
15,1,1,13.22089680072599,27.13671875,57.13671875,"(0, 15]"
15,0,3,0.39637889529752635,37.2109375,67.2109375,"(0, 15]"
15,1,2,33.74678990852673,33.171875,63.171875,"(30, 45]"
15,0,1,39.4590509436164,59.48046875,89.48046875,"(30, 45]"
15,1,3,16.589231554778397,37.05859375,67.05859375,"(15, 30]"
15,1,1,38.985864877330116,5.09765625,35.09765625,"(30, 45]"
15,0,2,8.126280426868991,35.40234375,65.40234375,"(0, 15]"
15,1,3,5.462776775943606,13.1171875,43.1171875,"(0, 15]"
15,0,3,18.8093102285956,37.4375,67.4375,"(15, 30]"
15,1,1,45.665680911105184,7.15234375,37.15234375,"(45, 60]"
15,0,1,3.687053728427736,37.28515625,67.28515625,"(0, 15]"
15,1,2,36.656371270140475,3.94140625,33.94140625,"(30, 45]"
